{
  "metadata": {
    "title": "Terra Challenge Proof Protocol v1.0 (TCPP) — Fractal Metascience Paradigm infrastructure package",
    "upload_type": "software",
    "description": "Release bundle for TCPP v1.0: ingestion templates, FPG example, article draft, Dockerfile, environment lock, and ledger templates. Prepared by Abdurashid Abdukarimov (ORCID: 0009-0000-6394-4912).",
    "creators": [
      {
        "name": "Abdurashid Abdukarimov",
        "affiliation": "AIUZ Terra",
        "orcid": "0009-0000-6394-4912"
      }
    ],
    "access_right": "open",
    "license": "CC-BY-4.0",
    "keywords": [
      "Fractal Metascience",
      "Nullo",
      "Reproducibility",
      "TCPP",
      "Terra"
    ],
    "publication_date": "2025-10-21"
  }
}