{
  "metadata": {
    "title": "Terra Challenge Proof Protocol (TCPP) v1.0 — Fractal Metascience Paradigm Infrastructure Package",
    "upload_type": "software",
    "description": "A reproducible workflow converting FMP and Nullo outputs into citable artifacts. Includes ingestion templates, FPG example, LaTeX article draft, environment lock, Docker reproducibility file, and metadata manifests.",
    "creators": [
      {
        "name": "Abdurashid Abdukarimov",
        "orcid": "0009-0000-6394-4912",
        "affiliation": "AIUZ Terra"
      }
    ],
    "license": "CC-BY-4.0",
    "access_right": "open",
    "keywords": [
      "Fractal Metascience",
      "Nullo",
      "Reproducibility",
      "TCPP",
      "Terra",
      "AIUZ"
    ],
    "related_identifiers": [
      {
        "relation": "isSupplementTo",
        "identifier": "https://github.com/Secret-Uzbek/AIUZ-Terra-Ecosystem/releases/tag/v1.0-tcpp",
        "resource_type": "software"
      }
    ],
    "publication_date": "2025-10-21",
    "version": "v1.0-tcpp",
    "doi": "10.5281/zenodo.17425678"
  }
}