[{"id": "52b3fa37-b241-4e38-9e69-6533ac9d39e2", "conversation_id": "68846b3c-5610-8009-84f6-68447a216bb6", "user_id": "user-weJklQsLIxlN238UIrA8Uyax", "rating": "thumbs_down", "create_time": "2025-07-26T07:22:40.064500Z", "workspace_id": null, "content": "{\"tags\": [\"Didn't fully follow instructions\"], \"tag_choices\": [\"Shouldn't have used Memory\", \"Don\\u2019t like the personality\", \"Don't like the style\", \"Not factually correct\", \"Didn't fully follow instructions\", \"Refused when it shouldn't have\", \"Being lazy\", \"Unsafe or problematic\", \"Biased\", \"Other\"]}", "evaluation_name": null, "evaluation_treatment": null, "update_time": "2025-07-26T07:22:48.667215Z"}, {"id": "5cf427ba-abcc-43eb-b8ba-e3bcdacfff6d", "conversation_id": "6884c30b-1358-8009-825c-fe3df78e4d20", "user_id": "user-weJklQsLIxlN238UIrA8Uyax", "rating": "thumbs_up", "create_time": "2025-07-26T13:09:16.001271Z", "workspace_id": null, "content": "{}", "evaluation_name": null, "evaluation_treatment": null, "update_time": "2025-07-26T13:09:16.114874Z"}, {"id": "2a77c05a-ae97-484b-99b7-32286a5b08a7", "conversation_id": "6884c30b-1358-8009-825c-fe3df78e4d20", "user_id": "user-weJklQsLIxlN238UIrA8Uyax", "rating": "thumbs_up", "create_time": "2025-07-26T13:52:17.931791Z", "workspace_id": null, "content": "{}", "evaluation_name": null, "evaluation_treatment": null, "update_time": "2025-07-26T13:52:18.084423Z"}, {"id": "e5d9af52-8ce3-4474-9312-08f577f52853", "conversation_id": "68873bd6-4aa4-8009-a6b2-a176844e809d", "user_id": "user-weJklQsLIxlN238UIrA8Uyax", "rating": "thumbs_up", "create_time": "2025-07-28T09:37:35.366312Z", "workspace_id": null, "content": "{}", "evaluation_name": null, "evaluation_treatment": null, "update_time": "2025-07-28T09:37:35.475988Z"}, {"id": "351d1e4d-ca37-465c-b8ce-345fe4c70694", "conversation_id": "68873bd6-4aa4-8009-a6b2-a176844e809d", "user_id": "user-weJklQsLIxlN238UIrA8Uyax", "rating": "thumbs_up", "create_time": "2025-07-28T12:10:25.279526Z", "workspace_id": null, "content": "{}", "evaluation_name": null, "evaluation_treatment": null, "update_time": "2025-07-28T12:10:25.420088Z"}, {"id": "1db52aab-9209-4e0a-bd01-11fda1698882", "conversation_id": "68a70430-e018-8327-a9f6-1fdc9bea83d5", "user_id": "user-weJklQsLIxlN238UIrA8Uyax", "rating": "thumbs_up", "create_time": "2025-08-21T11:56:47.911068Z", "workspace_id": null, "content": "{}", "evaluation_name": null, "evaluation_treatment": null, "update_time": "2025-08-21T11:56:48.006380Z"}]