{
  "package_name": "TCPP_release_full_package.zip",
  "created": "2025-10-21T00:00:00Z",
  "files": {
    "README_publish.md": "3cf148c6b45265be83f187853b7e586da901fc8495abf24cbe4efe1373cd6aca",
    "TCPP_v1.0_release.zip": "6f3d10e8c84d4c8dc6d4bb0c4e73a798ab6cf4ac979924741d2bd349052dfdec",
    "release_tcpp_v1.0.sh": "bf680fa8ec9ceacabbb0b1cc7f24f4555a736a3c0d5e6668e585006c2f48e1a7",
    "terra_ledger_update_template.json": "1a4335f67658e5fd4cb32899a3bcc717d5f53647082ea8bba64dd2b661e1f0e2"
  }
}